{"accuracy": 0.9979166666666667, "precision": 0.9975020815986678, "recall": 0.9983333333333333, "f1_score": 0.997917534360683}