{"train_losses": [0.22111442398900788, 0.11657250034622849, 0.07265004022279754, 0.06985443859244697, 0.05283974082461403, 0.04313178059033817, 0.04083933698304463, 0.03483425385512722, 0.03774982900771041, 0.027976011714490597, 0.030445286728742454, 0.026828163448796356, 0.026536147451928022, 0.022146497911501986, 0.02220817996032565, 0.018446470369478146, 0.014066896024851304, 0.011200746038618188, 0.021624896406046902, 0.010879262133354738, 0.015110097745873645, 0.023538879659990925, 0.013592430916345015, 0.013070622498901988, 0.027470644570118264, 0.008205621674872722, 0.005524025808801222, 0.010561878456008648, 0.011440341461945234, 0.010097855210125696, 0.004090997375174842, 0.013180858761087771, 0.0053204708692085965, 0.00914906552664661, 0.007193256128874358, 0.005283202642230549, 0.007954542780897782, 0.007105573860083799, 0.0013437398396409133, 0.0004194659345712163, 0.012443252297993439, 0.017480512273684023, 0.004524928533104836, 0.0017926690980136564, 0.0014188953659411397, 0.008357414234597418, 0.002846351885805613, 0.002717751211404883, 0.011287851582563348, 0.007784519122848981, 0.004015420651142752, 0.009900101932049665, 0.0077579642299215835, 0.002087086786170289, 0.0019453771728071938, 0.0052652829933070204, 0.0019129126013588877, 0.0022380190142309666, 0.008086825957193278, 0.002238970606492406, 0.0010550728184353395, 0.0010095803779937521, 0.0049040953010703, 0.0017133803911225697, 0.0021970054978227437, 0.005069002007490866, 0.012630081437249554, 0.002339148173579607, 0.0012467514487083519, 0.0033230319441559667, 0.0018063957691161765, 0.00358278251677163, 0.001695889133036109, 0.0033632910062622503, 0.0036105505808727047, 0.00043121653102181414, 0.0008850068126028946, 0.006058879356944722, 0.0013006751190490344, 0.0019260781709542721, 0.00048770020960687465, 0.00149198599712074, 0.009610073245560725, 0.001267205351002462, 0.000909954138801723, 0.004972225674768932, 0.0017132355171399943, 0.001566714685256528, 0.004818095650668091, 0.011109208521622017, 0.0013421095781749415, 0.0003503523000614961, 0.00013454107907470887, 0.0003500079671707157, 9.048621260905479e-05, 0.0001716018465110388, 0.0005015158514222569, 0.00028490537831945254, 0.010078568370776144, 0.004561487986893881], "test_losses": [0.15245992970963318, 0.0741272633212308, 0.053891009218835585, 0.054526572818867865, 0.031197061850495325, 0.03404014489768694, 0.022785857455261672, 0.016657464307306025, 0.021451552006959293, 0.034908995334990325, 0.03385896054882323, 0.021605564931815025, 0.019885091301208982, 0.021217373456869002, 0.017763314682573157, 0.1503640740171492, 0.010555932196233091, 0.012677395981343882, 0.012539395226849593, 0.013946256050354766, 0.0176363806087708, 0.017794000158658795, 0.013949850380625625, 0.012344343839768802, 0.02005449892875428, 0.013316075402693172, 0.03775484405493899, 0.03307463249475404, 0.0245694526436273, 0.013792341500470684, 0.026622741723367652, 0.011905023235619107, 0.011125098251862559, 0.007529290992930934, 0.014371870254387128, 0.01052490820761212, 0.04644760442695997, 0.00849032332338993, 0.006353281121555483, 0.005119086257924058, 0.05775388985717048, 0.016130921524484924, 0.013196268130750087, 0.013623041937520763, 0.00917647775399454, 0.01807732320992765, 0.014402276901101152, 0.007891671363833303, 0.009966550824910266, 0.00897504480023675, 0.026632091696835686, 0.018556907856341242, 0.007469500795356794, 0.00709958186352632, 0.00797675328703376, 0.012316411683501467, 0.012997647101070318, 0.017503137730141227, 0.010672406867900953, 0.006747523358744776, 0.008183854170813482, 0.010487366598969932, 0.0231028413168949, 0.009568064740750986, 0.006261857919918631, 0.10027150144105806, 0.011988893873455406, 0.007088125569485252, 0.008487566051755498, 0.009959013580132701, 0.012319200905663897, 0.010795063526506396, 0.018722669626848716, 0.009052724357070175, 0.006307600769703748, 0.004622394111671303, 0.019734056069566113, 0.026981676679139734, 0.005480773936570339, 0.011186316055822602, 0.015239141336758345, 0.01743817890952601, 0.01073085414685906, 0.007563225362165061, 0.012789994075867029, 0.04512863277092966, 0.018910003775927876, 0.01222605630304922, 0.09196085196350783, 0.015447761364306214, 0.01093601746834737, 0.015505536394869266, 0.01443406132148257, 0.017674828341532223, 0.019090609211621697, 0.018717790935789715, 0.018980048675847672, 0.00854246600537314, 0.01991078862995342, 0.011090013200975217], "train_acc": [91.88541666666667, 96.02083333333333, 97.52083333333333, 97.625, 98.29166666666667, 98.51041666666667, 98.6875, 98.82291666666667, 98.82291666666667, 99.03125, 98.97916666666667, 99.09375, 99.11458333333333, 99.125, 99.26041666666667, 99.34375, 99.5625, 99.625, 99.28125, 99.63541666666667, 99.4375, 99.16666666666667, 99.51041666666667, 99.58333333333333, 99.32291666666667, 99.70833333333333, 99.78125, 99.625, 99.58333333333333, 99.61458333333333, 99.89583333333333, 99.625, 99.78125, 99.65625, 99.72916666666667, 99.8125, 99.66666666666667, 99.80208333333333, 99.9375, 100.0, 99.64583333333333, 99.47916666666667, 99.84375, 99.90625, 99.9375, 99.76041666666667, 99.90625, 99.88541666666667, 99.625, 99.70833333333333, 99.90625, 99.6875, 99.71875, 99.92708333333333, 99.92708333333333, 99.82291666666667, 99.92708333333333, 99.9375, 99.72916666666667, 99.89583333333333, 99.97916666666667, 99.96875, 99.88541666666667, 99.91666666666667, 99.90625, 99.91666666666667, 99.58333333333333, 99.91666666666667, 99.95833333333333, 99.88541666666667, 99.9375, 99.875, 99.95833333333333, 99.88541666666667, 99.875, 99.97916666666667, 99.97916666666667, 99.85416666666667, 99.96875, 99.9375, 99.97916666666667, 99.95833333333333, 99.69791666666667, 99.94791666666667, 99.96875, 99.83333333333333, 99.91666666666667, 99.96875, 99.83333333333333, 99.71875, 99.94791666666667, 99.98958333333333, 100.0, 99.98958333333333, 100.0, 100.0, 99.97916666666667, 99.98958333333333, 99.69791666666667, 99.86458333333333], "test_acc": [94.25, 97.79166666666667, 98.29166666666667, 98.375, 98.83333333333333, 98.875, 99.29166666666667, 99.5, 99.25, 99.04166666666667, 98.75, 99.20833333333333, 99.125, 99.04166666666667, 99.45833333333333, 93.33333333333333, 99.625, 99.5, 99.41666666666667, 99.45833333333333, 99.29166666666667, 99.5, 99.54166666666667, 99.75, 99.41666666666667, 99.45833333333333, 99.04166666666667, 99.0, 99.25, 99.375, 99.29166666666667, 99.54166666666667, 99.75, 99.79166666666667, 99.58333333333333, 99.625, 98.875, 99.79166666666667, 99.79166666666667, 99.79166666666667, 98.45833333333333, 99.66666666666667, 99.70833333333333, 99.66666666666667, 99.70833333333333, 99.33333333333333, 99.58333333333333, 99.75, 99.79166666666667, 99.75, 99.41666666666667, 99.5, 99.75, 99.79166666666667, 99.75, 99.66666666666667, 99.54166666666667, 99.625, 99.70833333333333, 99.75, 99.75, 99.83333333333333, 99.41666666666667, 99.66666666666667, 99.75, 97.95833333333333, 99.54166666666667, 99.75, 99.625, 99.79166666666667, 99.66666666666667, 99.70833333333333, 99.375, 99.79166666666667, 99.83333333333333, 99.875, 99.70833333333333, 99.33333333333333, 99.79166666666667, 99.75, 99.66666666666667, 99.66666666666667, 99.75, 99.83333333333333, 99.75, 99.0, 99.625, 99.70833333333333, 97.375, 99.66666666666667, 99.75, 99.75, 99.75, 99.70833333333333, 99.75, 99.70833333333333, 99.54166666666667, 99.70833333333333, 99.54166666666667, 99.75],