{"train_losses": [0.26992456659674646, 0.16446479853242635, 0.12098370109684765, 0.1166044226847589, 0.08229035170516, 0.05770480297971517, 0.048698009118670595, 0.050344320249278096, 0.04306860419572331, 0.02593012244149577, 0.020601419235754294, 0.023154000288050158, 0.028383961324580015, 0.03476642859575804, 0.022490987036144362, 0.022199364288680953, 0.035113754904014055, 0.029281052657170223, 0.0172050921319169, 0.021693952856730904, 0.01272491076713777, 0.022261979463364695, 0.020010800713789648, 0.019175418886879923, 0.018628054425353185, 0.008992295616480987, 0.010407024202104367, 0.009757394754742563, 0.010364351492808056, 0.010169721391393978, 0.011080770503394888, 0.007748908129269694, 0.013281685626097897, 0.008872398311832513, 0.009632108323476132, 0.02201111615901027, 0.022035510761634215, 0.010578110809874489, 0.007576567174546653, 0.006159366330703051, 0.00387319479148573, 0.0020231931700641324, 0.006640189305071545, 0.026230012232917942, 0.0172908159140934, 0.00563104128449595, 0.0048195061959040685, 0.03533983838982749, 0.0035796031675636186, 0.005549402004808144, 0.0029382893662932476, 0.0030725496031709554, 0.00045604752248607384, 0.008508865684812008, 0.017514250147178244, 0.004081930641918916, 0.0015948458020056933, 0.0029300471893043325, 0.015933798652040424, 0.009473771945831686, 0.0027032579673345936, 0.013737987418301146, 0.01351947625426419, 0.003472222821765172, 0.006316870657971094, 0.012801940946978903, 0.0066569789303503055, 0.005553882324151118, 0.003994908739946368, 0.007577094231985484, 0.013577459046318836, 0.001390742352334655, 0.0004282255513862765, 0.0009893945550652461, 0.0010925183454088482, 0.0002991927378695891, 0.0001717475267599866, 0.00011996638712801654, 0.0004325648668331894, 0.0012527576625919322, 0.004069071352809317, 0.01870958377797251, 0.02108635777085965, 0.012548106043805091, 0.0020094098342360667, 0.000749903125201854, 0.00041080003075194327, 0.003719679949209649, 0.019585656837989518, 0.007203472436285665, 0.0006283855994706755, 0.00029060926886700147, 0.00034775067297914574, 0.00031819815601352274, 0.0021752934191437132, 0.004646435664487854, 0.0033081546346409143, 0.010606775149377655, 0.011460745977403803, 0.003681134849875889], "test_losses": [0.14949660383164884, 0.2658557406067848, 0.07686637779697776, 0.06503786699846387, 0.07453687632456422, 0.05002609189017676, 0.03898446850944311, 0.026520000777672977, 0.027052712788572533, 0.019947383038233967, 0.0261817065597279, 0.02791782647778746, 0.026257003149512455, 0.02027992610470392, 0.04880309949148796, 0.04104108927582274, 0.06374886054646595, 0.03352096228511073, 0.01986316540522239, 0.025570154313463718, 0.04882267908513313, 0.10962585448287428, 0.019470479009323752, 0.037043333274777976, 0.00935870502005855, 0.021999978823805576, 0.022563152547772917, 0.02142566409649589, 0.031140441854659, 0.030659412135064484, 0.010472406674125523, 0.0213995072942663, 0.03868774962960742, 0.014903067790623937, 0.023555870306263386, 0.031147706381161697, 0.01483672447342542, 0.01676704604050883, 0.030381454563748776, 0.03100731525378251, 0.026605557583142172, 0.03197448244191257, 0.016113175610807957, 0.04268937912398542, 0.02328410549154796, 0.012510005557857013, 0.015372758917728789, 0.015429916223874898, 0.013710196505053318, 0.026948737446800805, 0.02136809112554147, 0.013622865890074536, 0.022512801332341043, 0.030670063264285546, 0.017593973001235098, 0.01668406772016169, 0.018183390298286212, 0.09463217459020257, 0.054550494478025936, 0.006761226322241782, 0.015001080456455042, 0.07375697979919149, 0.011450681034982608, 0.010983602921137248, 0.028777231646363362, 0.024669794071669457, 0.014282796242332552, 0.003078433690267275, 0.012292592202322794, 0.019926665235142308, 0.01273313721299246, 0.011841739731766977, 0.010034993841650248, 0.01305737254564626, 0.014332165764535531, 0.011343914956470656, 0.01182864449098247, 0.01417954535564462, 0.0053746017517055655, 0.023679779589959937, 0.03507584437354807, 0.04577866766781881, 0.032840111969799184, 0.014950931536200187, 0.009316754095083013, 0.011761381552907863, 0.012696321266320965, 0.02341726701837615, 0.027234153844960928, 0.016877743849724992, 0.022701155872881032, 0.022205024353497152, 0.0289195941423057, 0.023347557545977154, 0.02803755961316483, 0.006050496843859028, 0.02160487520663306, 0.02028067245577624, 0.020196349550220136, 0.0059703388301134905], "train_acc": [89.03125, 94.15625, 95.59375, 95.53125, 97.25, 98.0, 98.28125, 98.28125, 98.5, 99.125, 99.125, 99.125, 99.09375, 99.09375, 99.28125, 99.15625, 98.78125, 98.9375, 99.25, 99.34375, 99.5, 99.1875, 99.53125, 99.40625, 99.34375, 99.71875, 99.59375, 99.625, 99.75, 99.71875, 99.59375, 99.71875, 99.5625, 99.59375, 99.6875, 99.40625, 99.4375, 99.59375, 99.65625, 99.65625, 99.84375, 99.9375, 99.78125, 99.15625, 99.25, 99.71875, 99.84375, 99.09375, 99.875, 99.8125, 99.90625, 99.9375, 100.0, 99.6875, 99.3125, 99.8125, 99.9375, 99.84375, 99.53125, 99.65625, 99.90625, 99.65625, 99.46875, 99.875, 99.8125, 99.59375, 99.78125, 99.8125, 99.84375, 99.8125, 99.65625, 99.9375, 99.96875, 99.9375, 99.96875, 100.0, 100.0, 100.0, 100.0, 99.90625, 99.8125, 99.34375, 99.3125, 99.53125, 99.96875, 99.96875, 100.0, 99.875, 99.53125, 99.78125, 100.0, 100.0, 100.0, 100.0, 99.9375, 99.8125, 99.90625, 99.71875, 99.59375, 99.8125], "test_acc": [94.375, 88.375, 97.375, 97.75, 97.625, 98.375, 98.75, 99.375, 99.25, 99.25, 98.875, 98.875, 99.0, 99.375, 98.5, 98.625, 98.125, 99.0, 99.375, 99.375, 98.375, 97.125, 99.5, 98.75, 99.75, 99.625, 99.25, 99.25, 99.5, 99.0, 99.75, 99.375, 98.75, 99.75, 99.375, 99.0, 99.5, 99.625, 99.25, 99.125, 99.375, 99.5, 99.5, 99.25, 99.375, 99.625, 99.5, 99.5, 99.375, 99.125, 99.5, 99.625, 99.625, 99.25, 99.625, 99.5, 99.5, 97.375, 98.625, 99.75, 99.625, 98.375, 99.5, 99.5, 99.625, 98.875, 99.625, 99.875, 99.75, 99.625, 99.625, 99.5, 99.625, 99.625, 99.75, 99.75, 99.75, 99.75, 99.875, 99.5, 99.25, 98.5, 99.125, 99.625, 99.875, 99.75, 99.625, 99.5, 99.0, 99.625, 99.5, 99.625, 99.375, 99.625, 99.375, 99.75, 99.375, 99.5, 99.25, 99.75],